S.No,Song Name,Link
1,A Walk,https://www.youtube.com/watch?v=mehLx_Fjv_c
2,Adrift,https://www.youtube.com/watch?v=HL5VUqnfmEw
3,Spirit of Life,https://www.youtube.com/watch?v=YeaGUfZM5hs
4,Let it Be,https://www.youtube.com/watch?v=sDI6HTR9arA
5,Dayvan Cowboy,https://www.youtube.com/watch?v=A2zKARkpDW4
6,Everything you do is a Balloon,https://www.youtube.com/watch?v=dQEmaj9C6ko
7,Beyond the Dying Light,https://www.youtube.com/watch?v=q3nqs-KduLI
8,Far from Refuge,https://www.youtube.com/watch?v=d6MKBzti0P4
9,Echoes,https://www.youtube.com/watch?v=m6IRi_JTS_Y
10,Your Hand in Mine,https://www.youtube.com/watch?v=JzIK5FaC38w
11,First Breath after coma,https://www.youtube.com/watch?v=w0o8JCxjjpM
12,Ocean,https://www.youtube.com/watch?feature=player_detailpage&v=ja9UeCypJNw#t=76
13,Counting Stars,https://www.youtube.com/watch?v=Z-tTmSY4m4M
14,Prayer,https://www.youtube.com/watch?v=LiGK92o1cm4
15,Island,https://www.youtube.com/watch?v=1OkDHySqYbM
16,Breathing Place,https://www.youtube.com/watch?v=LP6X0jTl78k
17,Ensueno,https://www.youtube.com/watch?v=CEmMuUzotCU
18,Discovering,https://www.youtube.com/watch?v=SoYkxKWNzoo
19,Sol,https://www.youtube.com/watch?v=WNiD9M59FQE
20,Greenland,https://www.youtube.com/watch?v=WT16DTEAuMM&feature=kp
21,Soon it will be cold enough,https://www.youtube.com/watch?v=QRgPIbSX1mg
22,Black Lake,https://www.youtube.com/watch?v=_DZ2bQhGd3o
23,Teardrop,https://www.youtube.com/watch?v=u7K72X4eo_s
24,Unfinished Sympathy,https://www.youtube.com/watch?v=ZWmrfgj0MZI
25,Ants,https://www.youtube.com/watch?v=j81fYZVvFh4
26,Mildew,https://www.youtube.com/watch?v=bLcgp1zmvRk
27,Intriguing Possibilities,https://www.youtube.com/watch?v=2vvs4__2XRI&feature=kp
28,In Motion,https://www.youtube.com/watch?v=Yczul_609Gg
29,Navras,https://www.youtube.com/watch?v=t9qqLrdOzDg
30,Gods & Monsters [Full album],https://www.youtube.com/watch?v=GabBLLOT6vw
31,Endtroducing [Full Album],https://www.youtube.com/watch?v=NgoEPIIZcRs
32,Building steam with a grain of salt,https://www.youtube.com/watch?v=dcxsheROd3E
33,Moon,https://www.youtube.com/watch?v=IK5I4cTkL-E
34,Basique,https://www.youtube.com/watch?v=tkwPVkPbWzU
35,Untrue [Full Album],https://www.youtube.com/watch?v=wRpHf4X7FNM
36,Burial [Full Album],https://www.youtube.com/watch?v=2VDPMCMuHWY&list=PLZqsyBiYZFQ0hE4LOjH6jxjCVPkTOLyYr
37,Tear You Down,https://www.youtube.com/watch?v=tD5ILi3P7qw
38,The Big Blue,https://www.youtube.com/watch?v=GEknGgYbJS8http://
39,Finally Moving,https://www.youtube.com/watch?v=Sk9XYQMRiLY
40,I Know the Truth,https://www.youtube.com/watch?v=b6T5depSysg
41,MixHound Chillstep Mix #1,https://www.youtube.com/watch?v=FFFuqCuEfKQ
42,MrMomMusic Chillstep Ep. 3,https://www.youtube.com/watch?v=Zwdrziq23u0
43,I Need You (Instrumental),https://www.youtube.com/watch?v=av-TqX-sClc
44,Full Discography,https://soundcloud.com/ramesesb/sets/rameses-b-full-discography
45,Lost in Thought,https://www.youtube.com/watch?v=77VqzpvE1zg
46,Open Eye Signal,https://www.youtube.com/watch?v=Q04ILDXe3QE
47,Small Memory,https://www.youtube.com/watch?v=0cVTciqYuPY
48,Major Happy,https://soundcloud.com/fredvgrafix/fred-v-grafix-major-happy
49,Recognise,https://www.youtube.com/watch?v=1BsvvR2ZpdQ
50,Hydra (Chords Remix),https://www.youtube.com/watch?v=7iJa4WnHVdM
51,Sweet Lullaby,https://www.youtube.com/watch?v=ATmBOnMJJkE
52,Amazonia,https://www.youtube.com/watch?v=fbXESOfI-jU
53,4×4=12 Continuous Mix,https://www.youtube.com/watch?v=8-bU5zKYSBQ
54,The Veldt – 8 Minute Edit,https://www.youtube.com/watch?v=js8Qg32sBjE
55,Hayling,https://www.youtube.com/watch?v=BUIzq-HcNPA
56,Glitterball,https://www.youtube.com/watch?v=7PPoOV1bOmA
57,Concept 1,https://www.youtube.com/watch?v=Lc3U4rcPj-M
58,Concept 16,https://www.youtube.com/watch?v=AE6djfQDfeI
59,Decoder,https://www.youtube.com/watch?v=uFhIqIabA4w
60,aisatsana [102],https://soundcloud.com/mlysenko/12-aphex-twin-aisatsana-102-syro-album
61,Avril 14th,https://www.youtube.com/watch?v=MBFXJw7n-fU
62,Flim,https://www.youtube.com/watch?v=z56OiPR4r2s
63,Kiara,https://www.youtube.com/watch?v=N7m86aMNjlQ
64,Terrapin,https://www.youtube.com/watch?v=5xDVg9dTb4A
65,Late Night Tales Continuous Mix (Spotify),https://www.google.com/url?sa=t&rct=j&q=&esrc=s&source=web&cd=1&cad=rja&uact=8&ved=0CB4QFjAA&url=https%3A%2F%2Fopen.spotify.com%2Falbum%2F0y3ai6LH83qeeeCbmpaIvf&ei=qRK7VJ3HDYf2yQSL4IKIAg&usg=AFQjCNErBTFHKbIrO9zOfBWL5feYfXmkdg&sig2=7sgEPtZ3CS6pM1epb5Odlg
66,Peterson,https://www.youtube.com/watch?v=DSxAFybgYWA
67,Anything You Synthesize,https://www.youtube.com/watch?v=aSU49AFzgtw
68,Signaling Through The Flames,https://www.youtube.com/watch?v=aSU49AFzgtw
69,april.#19,https://www.youtube.com/watch?v=feShpPLivK0
70,Coto,https://www.youtube.com/watch?v=ImmNPlqHb00
71,deepblue (12_edit),https://soundcloud.com/virgin-babylon-records/kashiwa-daisuke-deepblue
72,Tron Legacy Soundtrack [Complete Edition],https://www.youtube.com/watch?v=sYJBcr1LDg4
73,Tron Legacy Reconfigured – Remixes,https://www.youtube.com/playlist?list=PLF9D4DF8B4BF1EC97
74,Twilight Of The Thunder God,https://www.youtube.com/watch?v=JFYVcz7h3o0
75,Guardians of Asgaard,https://www.youtube.com/watch?v=ARnBgW5XgSo
76,Deceiver of the Gods,https://www.youtube.com/watch?v=CpAcxbtXUgQ
77,Marijuana,https://www.youtube.com/watch?v=tUX4OMkSRpI
78,The Meaning of Love,https://www.youtube.com/watch?v=lM2XJFph-eg
79,Goddess,https://www.youtube.com/watch?v=YMgTBk9ZMrs
